<?xml version="1.0" encoding="UTF-8"?>
<project-private xmlns="http://www.netbeans.org/ns/project-private/1">
    <editor-bookmarks xmlns="http://www.netbeans.org/ns/editor-bookmarks/2" lastBookmarkId="1">
        <file>
            <url>src/generateRandomPolygon.java</url>
            <bookmark id="1">
                <name/>
                <line>0</line>
                <key/>
            </bookmark>
        </file>
    </editor-bookmarks>
    <open-files xmlns="http://www.netbeans.org/ns/projectui-open-files/2">
        <group>
            <file>file:/D:/Desktop/School%20Stuff/PracticumProject/src/Point.java</file>
            <file>file:/D:/Desktop/School%20Stuff/PracticumProject/src/OutputFile.java</file>
            <file>file:/D:/Desktop/School%20Stuff/PracticumProject/src/Edge.java</file>
            <file>file:/D:/Desktop/School%20Stuff/PracticumProject/src/Polygon.java</file>
            <file>file:/D:/Desktop/School%20Stuff/PracticumProject/src/generateRandomPolygon.java</file>
        </group>
    </open-files>
</project-private>
