<?xml version="1.0" encoding="utf-8"?>
<geogebra format="5.0" version="5.0.613.0" app="classic" platform="w" id="3985EFA7-A3CE-4224-97C0-BE2EB71D1FF3"  xsi:noNamespaceSchemaLocation="http://www.geogebra.org/apps/xsd/ggb.xsd" xmlns="" xmlns:xsi="http://www.w3.org/2001/XMLSchema-instance" >
<gui>
	<window width="2190" height="937" />
	<perspectives>
<perspective id="tmp">
	<panes>
		<pane location="" divider="0.1735159817351598" orientation="1" />
	</panes>
	<views>
		<view id="4097" visible="false" inframe="false" stylebar="true" location="1,1,1,1" size="400" window="100,100,700,550" />
		<view id="512" toolbar="0 | 1 501 5 19 , 67 | 2 15 45 18 , 7 37 | 514 3 9 , 13 44 , 47 | 16 51 | 551 550 11 ,  20 22 21 23 , 55 56 57 , 12 | 69 | 510 511 , 512 513 | 533 531 , 534 532 , 522 523 , 537 536 , 535 , 538 | 521 520 | 36 , 38 49 560 | 571 30 29 570 31 33 | 17 | 540 40 41 42 , 27 28 35 , 6 , 502" visible="false" inframe="false" stylebar="false" location="1,1,1" size="500" window="100,100,600,400" />
		<view id="4" toolbar="0 || 2020 , 2021 , 2022 || 2001 , 2003 , 2002 , 2004 , 2005 || 2040 , 2041 , 2042 , 2044 , 2043" visible="false" inframe="false" stylebar="false" location="1,1" size="300" window="100,100,600,400" />
		<view id="8" toolbar="1001 | 1002 | 1003  || 1005 | 1004 || 1006 | 1007 | 1010 || 1008 | 1009 || 6" visible="false" inframe="false" stylebar="false" location="1,3" size="300" window="100,100,600,400" />
		<view id="1" visible="true" inframe="false" stylebar="false" location="1" size="1262" window="100,100,600,400" />
		<view id="2" visible="true" inframe="false" stylebar="false" location="3" size="380" tab="ALGEBRA" window="100,100,600,400" />
		<view id="16" visible="false" inframe="false" stylebar="false" location="1" size="300" window="50,50,500,500" />
		<view id="32" visible="false" inframe="false" stylebar="true" location="1" size="300" window="50,50,500,500" />
		<view id="64" toolbar="0" visible="false" inframe="false" stylebar="false" location="1" size="480" window="50,50,500,500" />
		<view id="128" visible="false" inframe="false" stylebar="false" location="1" size="480" window="50,50,500,500" />
		<view id="70" toolbar="0 || 2020 || 2021 || 2022" visible="false" inframe="false" stylebar="true" location="1" size="900" window="50,50,500,500" />
	</views>
	<toolbar show="true" items="0 73 62 | 1 501 67 , 5 19 , 72 75 76 | 2 15 45 , 18 65 , 7 37 | 4 3 8 9 , 13 44 , 58 , 47 | 16 51 64 , 70 | 10 34 53 11 , 24  20 22 , 21 23 | 55 56 57 , 12 | 36 46 , 38 49  50 , 71  14  68 | 30 29 54 32 31 33 | 25 17 26 60 52 61 | 40 41 42 , 27 28 35 , 6" position="1" help="false" />
	<input show="true" cmd="true" top="algebra" />
	<dockBar show="false" east="false" />
</perspective>
	</perspectives>
	<labelingStyle  val="0"/>
	<font  size="16"/>
</gui>
<euclidianView>
	<viewNumber viewNo="1"/>
	<size  width="1532" height="884"/>
	<coordSystem xZero="765.9999999999998" yZero="328" scale="49.999999999999986" yscale="49.99999999999999"/>
	<evSettings axes="true" grid="true" gridIsBold="false" pointCapturing="3" rightAngleStyle="1" checkboxSize="26" gridType="3"/>
	<bgColor r="255" g="255" b="255"/>
	<axesColor r="0" g="0" b="0"/>
	<gridColor r="192" g="192" b="192"/>
	<lineStyle axes="1" grid="0"/>
	<axis id="0" show="true" label="" unitLabel="" tickStyle="1" showNumbers="true"/>
	<axis id="1" show="true" label="" unitLabel="" tickStyle="1" showNumbers="true"/>
</euclidianView>
<algebraView>
	<mode val="3"/>
</algebraView>
<kernel>
	<continuous val="false"/>
	<usePathAndRegionParameters val="true"/>
	<decimals val="2"/>
	<angleUnit val="degree"/>
	<algebraStyle val="3" spreadsheet="0"/>
	<coordStyle val="0"/>
</kernel>
<tableview min="-2" max="2" step="1"/>
<scripting blocked="false" disabled="false"/>
<construction title = "test" author="sans" date ="">
<element type="point" label="p0">
	<show object="true" label="false"/>
	<objColor r="77" g="77" b="255" alpha="0"/>
	<layer val="0"/>
	<labelMode val="0"/>
	<animation step="0.1" speed="1" type="1" playing="false"/>
	<coords x="80.2727645008379" y="3.2362243719635364" z="1"/>
	<pointSize val="2"/>
	<pointStyle val="0"/>
</element>
<element type="point" label="p1">
	<show object="true" label="false"/>
	<objColor r="77" g="77" b="255" alpha="0"/>
	<layer val="0"/>
	<labelMode val="0"/>
	<animation step="0.1" speed="1" type="1" playing="false"/>
	<coords x="51.03920252294747" y="1.4355854056801398" z="1"/>
	<pointSize val="2"/>
	<pointStyle val="0"/>
</element>
<element type="point" label="p2">
	<show object="true" label="false"/>
	<objColor r="77" g="77" b="255" alpha="0"/>
	<layer val="0"/>
	<labelMode val="0"/>
	<animation step="0.1" speed="1" type="1" playing="false"/>
	<coords x="5.659478855543021" y="1.9598632734298849" z="1"/>
	<pointSize val="2"/>
	<pointStyle val="0"/>
</element>
<element type="point" label="p3">
	<show object="true" label="false"/>
	<objColor r="77" g="77" b="255" alpha="0"/>
	<layer val="0"/>
	<labelMode val="0"/>
	<animation step="0.1" speed="1" type="1" playing="false"/>
	<coords x="11.364763764713837" y="21.982035401508615" z="1"/>
	<pointSize val="2"/>
	<pointStyle val="0"/>
</element>
<element type="point" label="p4">
	<show object="true" label="false"/>
	<objColor r="77" g="77" b="255" alpha="0"/>
	<layer val="0"/>
	<labelMode val="0"/>
	<animation step="0.1" speed="1" type="1" playing="false"/>
	<coords x="3.9103254888065875" y="12.057140872641725" z="1"/>
	<pointSize val="2"/>
	<pointStyle val="0"/>
</element>
<element type="point" label="p5">
	<show object="true" label="false"/>
	<objColor r="77" g="77" b="255" alpha="0"/>
	<layer val="0"/>
	<labelMode val="0"/>
	<animation step="0.1" speed="1" type="1" playing="false"/>
	<coords x="3.1321913235714094" y="8.068394654713696" z="1"/>
	<pointSize val="2"/>
	<pointStyle val="0"/>
</element>
<element type="point" label="p6">
	<show object="true" label="false"/>
	<objColor r="77" g="77" b="255" alpha="0"/>
	<layer val="0"/>
	<labelMode val="0"/>
	<animation step="0.1" speed="1" type="1" playing="false"/>
	<coords x="14.544240876622016" y="68.18094029968286" z="1"/>
	<pointSize val="2"/>
	<pointStyle val="0"/>
</element>
<element type="point" label="p7">
	<show object="true" label="false"/>
	<objColor r="77" g="77" b="255" alpha="0"/>
	<layer val="0"/>
	<labelMode val="0"/>
	<animation step="0.1" speed="1" type="1" playing="false"/>
	<coords x="6.891684267828135" y="32.523278404581376" z="1"/>
	<pointSize val="2"/>
	<pointStyle val="0"/>
</element>
<element type="point" label="p8">
	<show object="true" label="false"/>
	<objColor r="77" g="77" b="255" alpha="0"/>
	<layer val="0"/>
	<labelMode val="0"/>
	<animation step="0.1" speed="1" type="1" playing="false"/>
	<coords x="8.951831754926243" y="74.66510325295891" z="1"/>
	<pointSize val="2"/>
	<pointStyle val="0"/>
</element>
<element type="point" label="p9">
	<show object="true" label="false"/>
	<objColor r="77" g="77" b="255" alpha="0"/>
	<layer val="0"/>
	<labelMode val="0"/>
	<animation step="0.1" speed="1" type="1" playing="false"/>
	<coords x="5.703005864910504" y="49.79895925379244" z="1"/>
	<pointSize val="2"/>
	<pointStyle val="0"/>
</element>
<element type="point" label="p10">
	<show object="true" label="false"/>
	<objColor r="77" g="77" b="255" alpha="0"/>
	<layer val="0"/>
	<labelMode val="0"/>
	<animation step="0.1" speed="1" type="1" playing="false"/>
	<coords x="1.6836019961744442" y="35.91467536454736" z="1"/>
	<pointSize val="2"/>
	<pointStyle val="0"/>
</element>
<element type="point" label="p11">
	<show object="true" label="false"/>
	<objColor r="77" g="77" b="255" alpha="0"/>
	<layer val="0"/>
	<labelMode val="0"/>
	<animation step="0.1" speed="1" type="1" playing="false"/>
	<coords x="3.189940852946571" y="56.51913276938855" z="1"/>
	<pointSize val="2"/>
	<pointStyle val="0"/>
</element>
<element type="point" label="p12">
	<show object="true" label="false"/>
	<objColor r="77" g="77" b="255" alpha="0"/>
	<layer val="0"/>
	<labelMode val="0"/>
	<animation step="0.1" speed="1" type="1" playing="false"/>
	<coords x="1.6617344469687434" y="86.01749227151441" z="1"/>
	<pointSize val="2"/>
	<pointStyle val="0"/>
</element>
<element type="point" label="p13">
	<show object="true" label="false"/>
	<objColor r="77" g="77" b="255" alpha="0"/>
	<layer val="0"/>
	<labelMode val="0"/>
	<animation step="0.1" speed="1" type="1" playing="false"/>
	<coords x="22.948594413756663" y="59.93669433073243" z="1"/>
	<pointSize val="2"/>
	<pointStyle val="0"/>
</element>
<element type="point" label="p14">
	<show object="true" label="false"/>
	<objColor r="77" g="77" b="255" alpha="0"/>
	<layer val="0"/>
	<labelMode val="0"/>
	<animation step="0.1" speed="1" type="1" playing="false"/>
	<coords x="15.702013154674344" y="40.834502466895785" z="1"/>
	<pointSize val="2"/>
	<pointStyle val="0"/>
</element>
<element type="point" label="p15">
	<show object="true" label="false"/>
	<objColor r="77" g="77" b="255" alpha="0"/>
	<layer val="0"/>
	<labelMode val="0"/>
	<animation step="0.1" speed="1" type="1" playing="false"/>
	<coords x="14.77099270526503" y="39.8819888491287" z="1"/>
	<pointSize val="2"/>
	<pointStyle val="0"/>
</element>
<element type="point" label="p16">
	<show object="true" label="false"/>
	<objColor r="77" g="77" b="255" alpha="0"/>
	<layer val="0"/>
	<labelMode val="0"/>
	<animation step="0.1" speed="1" type="1" playing="false"/>
	<coords x="8.191097382786372" y="5.064588043570173" z="1"/>
	<pointSize val="2"/>
	<pointStyle val="0"/>
</element>
<element type="point" label="p17">
	<show object="true" label="false"/>
	<objColor r="77" g="77" b="255" alpha="0"/>
	<layer val="0"/>
	<labelMode val="0"/>
	<animation step="0.1" speed="1" type="1" playing="false"/>
	<coords x="24.75925674311137" y="44.66050526792402" z="1"/>
	<pointSize val="2"/>
	<pointStyle val="0"/>
</element>
<element type="point" label="p18">
	<show object="true" label="false"/>
	<objColor r="77" g="77" b="255" alpha="0"/>
	<layer val="0"/>
	<labelMode val="0"/>
	<animation step="0.1" speed="1" type="1" playing="false"/>
	<coords x="18.599389456127145" y="39.33246390362372" z="1"/>
	<pointSize val="2"/>
	<pointStyle val="0"/>
</element>
<element type="point" label="p19">
	<show object="true" label="false"/>
	<objColor r="77" g="77" b="255" alpha="0"/>
	<layer val="0"/>
	<labelMode val="0"/>
	<animation step="0.1" speed="1" type="1" playing="false"/>
	<coords x="32.36332949001637" y="75.12760416014895" z="1"/>
	<pointSize val="2"/>
	<pointStyle val="0"/>
</element>
<element type="point" label="p20">
	<show object="true" label="false"/>
	<objColor r="77" g="77" b="255" alpha="0"/>
	<layer val="0"/>
	<labelMode val="0"/>
	<animation step="0.1" speed="1" type="1" playing="false"/>
	<coords x="31.12822708933316" y="57.93356478812228" z="1"/>
	<pointSize val="2"/>
	<pointStyle val="0"/>
</element>
<element type="point" label="p21">
	<show object="true" label="false"/>
	<objColor r="77" g="77" b="255" alpha="0"/>
	<layer val="0"/>
	<labelMode val="0"/>
	<animation step="0.1" speed="1" type="1" playing="false"/>
	<coords x="36.67697397597024" y="79.34686408271189" z="1"/>
	<pointSize val="2"/>
	<pointStyle val="0"/>
</element>
<element type="point" label="p22">
	<show object="true" label="false"/>
	<objColor r="77" g="77" b="255" alpha="0"/>
	<layer val="0"/>
	<labelMode val="0"/>
	<animation step="0.1" speed="1" type="1" playing="false"/>
	<coords x="35.19438733665993" y="70.30071590603141" z="1"/>
	<pointSize val="2"/>
	<pointStyle val="0"/>
</element>
<element type="point" label="p23">
	<show object="true" label="false"/>
	<objColor r="77" g="77" b="255" alpha="0"/>
	<layer val="0"/>
	<labelMode val="0"/>
	<animation step="0.1" speed="1" type="1" playing="false"/>
	<coords x="48.88994441115747" y="80.90226685046758" z="1"/>
	<pointSize val="2"/>
	<pointStyle val="0"/>
</element>
<element type="point" label="p24">
	<show object="true" label="false"/>
	<objColor r="77" g="77" b="255" alpha="0"/>
	<layer val="0"/>
	<labelMode val="0"/>
	<animation step="0.1" speed="1" type="1" playing="false"/>
	<coords x="38.79754787496734" y="91.50878446524811" z="1"/>
	<pointSize val="2"/>
	<pointStyle val="0"/>
</element>
<element type="point" label="p25">
	<show object="true" label="false"/>
	<objColor r="77" g="77" b="255" alpha="0"/>
	<layer val="0"/>
	<labelMode val="0"/>
	<animation step="0.1" speed="1" type="1" playing="false"/>
	<coords x="16.70392516420479" y="84.27832728915816" z="1"/>
	<pointSize val="2"/>
	<pointStyle val="0"/>
</element>
<element type="point" label="p26">
	<show object="true" label="false"/>
	<objColor r="77" g="77" b="255" alpha="0"/>
	<layer val="0"/>
	<labelMode val="0"/>
	<animation step="0.1" speed="1" type="1" playing="false"/>
	<coords x="36.07980624563864" y="97.75607549568896" z="1"/>
	<pointSize val="2"/>
	<pointStyle val="0"/>
</element>
<element type="point" label="p27">
	<show object="true" label="false"/>
	<objColor r="77" g="77" b="255" alpha="0"/>
	<layer val="0"/>
	<labelMode val="0"/>
	<animation step="0.1" speed="1" type="1" playing="false"/>
	<coords x="67.89082336743235" y="96.6267468715007" z="1"/>
	<pointSize val="2"/>
	<pointStyle val="0"/>
</element>
<element type="point" label="p28">
	<show object="true" label="false"/>
	<objColor r="77" g="77" b="255" alpha="0"/>
	<layer val="0"/>
	<labelMode val="0"/>
	<animation step="0.1" speed="1" type="1" playing="false"/>
	<coords x="66.68594478706996" y="89.79266231850575" z="1"/>
	<pointSize val="2"/>
	<pointStyle val="0"/>
</element>
<element type="point" label="p29">
	<show object="true" label="false"/>
	<objColor r="77" g="77" b="255" alpha="0"/>
	<layer val="0"/>
	<labelMode val="0"/>
	<animation step="0.1" speed="1" type="1" playing="false"/>
	<coords x="59.85957499792518" y="91.50794743752057" z="1"/>
	<pointSize val="2"/>
	<pointStyle val="0"/>
</element>
<element type="point" label="p30">
	<show object="true" label="false"/>
	<objColor r="77" g="77" b="255" alpha="0"/>
	<layer val="0"/>
	<labelMode val="0"/>
	<animation step="0.1" speed="1" type="1" playing="false"/>
	<coords x="45.942748038531874" y="92.76545581007143" z="1"/>
	<pointSize val="2"/>
	<pointStyle val="0"/>
</element>
<element type="point" label="p31">
	<show object="true" label="false"/>
	<objColor r="77" g="77" b="255" alpha="0"/>
	<layer val="0"/>
	<labelMode val="0"/>
	<animation step="0.1" speed="1" type="1" playing="false"/>
	<coords x="41.36647858226381" y="90.92442032540914" z="1"/>
	<pointSize val="2"/>
	<pointStyle val="0"/>
</element>
<element type="point" label="p32">
	<show object="true" label="false"/>
	<objColor r="77" g="77" b="255" alpha="0"/>
	<layer val="0"/>
	<labelMode val="0"/>
	<animation step="0.1" speed="1" type="1" playing="false"/>
	<coords x="51.307977453265075" y="83.72622858168654" z="1"/>
	<pointSize val="2"/>
	<pointStyle val="0"/>
</element>
<element type="point" label="p33">
	<show object="true" label="false"/>
	<objColor r="77" g="77" b="255" alpha="0"/>
	<layer val="0"/>
	<labelMode val="0"/>
	<animation step="0.1" speed="1" type="1" playing="false"/>
	<coords x="62.15609843931682" y="84.0402343930075" z="1"/>
	<pointSize val="2"/>
	<pointStyle val="0"/>
</element>
<element type="point" label="p34">
	<show object="true" label="false"/>
	<objColor r="77" g="77" b="255" alpha="0"/>
	<layer val="0"/>
	<labelMode val="0"/>
	<animation step="0.1" speed="1" type="1" playing="false"/>
	<coords x="82.48852181474447" y="92.2706796920261" z="1"/>
	<pointSize val="2"/>
	<pointStyle val="0"/>
</element>
<element type="point" label="p35">
	<show object="true" label="false"/>
	<objColor r="77" g="77" b="255" alpha="0"/>
	<layer val="0"/>
	<labelMode val="0"/>
	<animation step="0.1" speed="1" type="1" playing="false"/>
	<coords x="76.57579079295097" y="97.20790584673225" z="1"/>
	<pointSize val="2"/>
	<pointStyle val="0"/>
</element>
<element type="point" label="p36">
	<show object="true" label="false"/>
	<objColor r="77" g="77" b="255" alpha="0"/>
	<layer val="0"/>
	<labelMode val="0"/>
	<animation step="0.1" speed="1" type="1" playing="false"/>
	<coords x="91.97887717179053" y="91.22065941322795" z="1"/>
	<pointSize val="2"/>
	<pointStyle val="0"/>
</element>
<element type="point" label="p37">
	<show object="true" label="false"/>
	<objColor r="77" g="77" b="255" alpha="0"/>
	<layer val="0"/>
	<labelMode val="0"/>
	<animation step="0.1" speed="1" type="1" playing="false"/>
	<coords x="99.17825756558484" y="95.43623108436744" z="1"/>
	<pointSize val="2"/>
	<pointStyle val="0"/>
</element>
<element type="point" label="p38">
	<show object="true" label="false"/>
	<objColor r="77" g="77" b="255" alpha="0"/>
	<layer val="0"/>
	<labelMode val="0"/>
	<animation step="0.1" speed="1" type="1" playing="false"/>
	<coords x="80.03326612109967" y="76.84244385184537" z="1"/>
	<pointSize val="2"/>
	<pointStyle val="0"/>
</element>
<element type="point" label="p39">
	<show object="true" label="false"/>
	<objColor r="77" g="77" b="255" alpha="0"/>
	<layer val="0"/>
	<labelMode val="0"/>
	<animation step="0.1" speed="1" type="1" playing="false"/>
	<coords x="80.1705432062789" y="75.11778248797938" z="1"/>
	<pointSize val="2"/>
	<pointStyle val="0"/>
</element>
<element type="point" label="p40">
	<show object="true" label="false"/>
	<objColor r="77" g="77" b="255" alpha="0"/>
	<layer val="0"/>
	<labelMode val="0"/>
	<animation step="0.1" speed="1" type="1" playing="false"/>
	<coords x="45.90941583007254" y="71.76071009425272" z="1"/>
	<pointSize val="2"/>
	<pointStyle val="0"/>
</element>
<element type="point" label="p41">
	<show object="true" label="false"/>
	<objColor r="77" g="77" b="255" alpha="0"/>
	<layer val="0"/>
	<labelMode val="0"/>
	<animation step="0.1" speed="1" type="1" playing="false"/>
	<coords x="42.3275553755595" y="73.32623202496133" z="1"/>
	<pointSize val="2"/>
	<pointStyle val="0"/>
</element>
<element type="point" label="p42">
	<show object="true" label="false"/>
	<objColor r="77" g="77" b="255" alpha="0"/>
	<layer val="0"/>
	<labelMode val="0"/>
	<animation step="0.1" speed="1" type="1" playing="false"/>
	<coords x="33.760617065455236" y="61.61605945486195" z="1"/>
	<pointSize val="2"/>
	<pointStyle val="0"/>
</element>
<element type="point" label="p43">
	<show object="true" label="false"/>
	<objColor r="77" g="77" b="255" alpha="0"/>
	<layer val="0"/>
	<labelMode val="0"/>
	<animation step="0.1" speed="1" type="1" playing="false"/>
	<coords x="62.78294720914005" y="69.22365520151278" z="1"/>
	<pointSize val="2"/>
	<pointStyle val="0"/>
</element>
<element type="point" label="p44">
	<show object="true" label="false"/>
	<objColor r="77" g="77" b="255" alpha="0"/>
	<layer val="0"/>
	<labelMode val="0"/>
	<animation step="0.1" speed="1" type="1" playing="false"/>
	<coords x="95.01775040459648" y="75.88929588422158" z="1"/>
	<pointSize val="2"/>
	<pointStyle val="0"/>
</element>
<element type="point" label="p45">
	<show object="true" label="false"/>
	<objColor r="77" g="77" b="255" alpha="0"/>
	<layer val="0"/>
	<labelMode val="0"/>
	<animation step="0.1" speed="1" type="1" playing="false"/>
	<coords x="84.25739433979699" y="62.47927728600913" z="1"/>
	<pointSize val="2"/>
	<pointStyle val="0"/>
</element>
<element type="point" label="p46">
	<show object="true" label="false"/>
	<objColor r="77" g="77" b="255" alpha="0"/>
	<layer val="0"/>
	<labelMode val="0"/>
	<animation step="0.1" speed="1" type="1" playing="false"/>
	<coords x="68.17521737670458" y="70.22583337654743" z="1"/>
	<pointSize val="2"/>
	<pointStyle val="0"/>
</element>
<element type="point" label="p47">
	<show object="true" label="false"/>
	<objColor r="77" g="77" b="255" alpha="0"/>
	<layer val="0"/>
	<labelMode val="0"/>
	<animation step="0.1" speed="1" type="1" playing="false"/>
	<coords x="40.282708575050854" y="62.563799391465935" z="1"/>
	<pointSize val="2"/>
	<pointStyle val="0"/>
</element>
<element type="point" label="p48">
	<show object="true" label="false"/>
	<objColor r="77" g="77" b="255" alpha="0"/>
	<layer val="0"/>
	<labelMode val="0"/>
	<animation step="0.1" speed="1" type="1" playing="false"/>
	<coords x="66.48270249847171" y="66.89038081797311" z="1"/>
	<pointSize val="2"/>
	<pointStyle val="0"/>
</element>
<element type="point" label="p49">
	<show object="true" label="false"/>
	<objColor r="77" g="77" b="255" alpha="0"/>
	<layer val="0"/>
	<labelMode val="0"/>
	<animation step="0.1" speed="1" type="1" playing="false"/>
	<coords x="59.892679770122584" y="64.15263791281004" z="1"/>
	<pointSize val="2"/>
	<pointStyle val="0"/>
</element>
<element type="point" label="p50">
	<show object="true" label="false"/>
	<objColor r="77" g="77" b="255" alpha="0"/>
	<layer val="0"/>
	<labelMode val="0"/>
	<animation step="0.1" speed="1" type="1" playing="false"/>
	<coords x="46.59194761625135" y="63.44818677479499" z="1"/>
	<pointSize val="2"/>
	<pointStyle val="0"/>
</element>
<element type="point" label="p51">
	<show object="true" label="false"/>
	<objColor r="77" g="77" b="255" alpha="0"/>
	<layer val="0"/>
	<labelMode val="0"/>
	<animation step="0.1" speed="1" type="1" playing="false"/>
	<coords x="54.51027721453078" y="62.476060730249195" z="1"/>
	<pointSize val="2"/>
	<pointStyle val="0"/>
</element>
<element type="point" label="p52">
	<show object="true" label="false"/>
	<objColor r="77" g="77" b="255" alpha="0"/>
	<layer val="0"/>
	<labelMode val="0"/>
	<animation step="0.1" speed="1" type="1" playing="false"/>
	<coords x="39.62213683277419" y="61.426451784805415" z="1"/>
	<pointSize val="2"/>
	<pointStyle val="0"/>
</element>
<element type="point" label="p53">
	<show object="true" label="false"/>
	<objColor r="77" g="77" b="255" alpha="0"/>
	<layer val="0"/>
	<labelMode val="0"/>
	<animation step="0.1" speed="1" type="1" playing="false"/>
	<coords x="28.115068464787598" y="55.51803483299296" z="1"/>
	<pointSize val="2"/>
	<pointStyle val="0"/>
</element>
<element type="point" label="p54">
	<show object="true" label="false"/>
	<objColor r="77" g="77" b="255" alpha="0"/>
	<layer val="0"/>
	<labelMode val="0"/>
	<animation step="0.1" speed="1" type="1" playing="false"/>
	<coords x="76.51734545541518" y="65.93616877805637" z="1"/>
	<pointSize val="2"/>
	<pointStyle val="0"/>
</element>
<element type="point" label="p55">
	<show object="true" label="false"/>
	<objColor r="77" g="77" b="255" alpha="0"/>
	<layer val="0"/>
	<labelMode val="0"/>
	<animation step="0.1" speed="1" type="1" playing="false"/>
	<coords x="67.16679472924677" y="62.94558703739431" z="1"/>
	<pointSize val="2"/>
	<pointStyle val="0"/>
</element>
<element type="point" label="p56">
	<show object="true" label="false"/>
	<objColor r="77" g="77" b="255" alpha="0"/>
	<layer val="0"/>
	<labelMode val="0"/>
	<animation step="0.1" speed="1" type="1" playing="false"/>
	<coords x="42.90530176770777" y="57.80405650683528" z="1"/>
	<pointSize val="2"/>
	<pointStyle val="0"/>
</element>
<element type="point" label="p57">
	<show object="true" label="false"/>
	<objColor r="77" g="77" b="255" alpha="0"/>
	<layer val="0"/>
	<labelMode val="0"/>
	<animation step="0.1" speed="1" type="1" playing="false"/>
	<coords x="69.36573473924908" y="61.469861992094934" z="1"/>
	<pointSize val="2"/>
	<pointStyle val="0"/>
</element>
<element type="point" label="p58">
	<show object="true" label="false"/>
	<objColor r="77" g="77" b="255" alpha="0"/>
	<layer val="0"/>
	<labelMode val="0"/>
	<animation step="0.1" speed="1" type="1" playing="false"/>
	<coords x="52.547678495082714" y="47.38968638969394" z="1"/>
	<pointSize val="2"/>
	<pointStyle val="0"/>
</element>
<element type="point" label="p59">
	<show object="true" label="false"/>
	<objColor r="77" g="77" b="255" alpha="0"/>
	<layer val="0"/>
	<labelMode val="0"/>
	<animation step="0.1" speed="1" type="1" playing="false"/>
	<coords x="65.75727620302011" y="49.50240166732958" z="1"/>
	<pointSize val="2"/>
	<pointStyle val="0"/>
</element>
<element type="point" label="p60">
	<show object="true" label="false"/>
	<objColor r="77" g="77" b="255" alpha="0"/>
	<layer val="0"/>
	<labelMode val="0"/>
	<animation step="0.1" speed="1" type="1" playing="false"/>
	<coords x="81.0439138931763" y="55.203579555148465" z="1"/>
	<pointSize val="2"/>
	<pointStyle val="0"/>
</element>
<element type="point" label="p61">
	<show object="true" label="false"/>
	<objColor r="77" g="77" b="255" alpha="0"/>
	<layer val="0"/>
	<labelMode val="0"/>
	<animation step="0.1" speed="1" type="1" playing="false"/>
	<coords x="70.07287850628265" y="40.09771369090491" z="1"/>
	<pointSize val="2"/>
	<pointStyle val="0"/>
</element>
<element type="point" label="p62">
	<show object="true" label="false"/>
	<objColor r="77" g="77" b="255" alpha="0"/>
	<layer val="0"/>
	<labelMode val="0"/>
	<animation step="0.1" speed="1" type="1" playing="false"/>
	<coords x="93.49552649745996" y="70.27940426640596" z="1"/>
	<pointSize val="2"/>
	<pointStyle val="0"/>
</element>
<element type="point" label="p63">
	<show object="true" label="false"/>
	<objColor r="77" g="77" b="255" alpha="0"/>
	<layer val="0"/>
	<labelMode val="0"/>
	<animation step="0.1" speed="1" type="1" playing="false"/>
	<coords x="80.00975161650686" y="35.99554250388258" z="1"/>
	<pointSize val="2"/>
	<pointStyle val="0"/>
</element>
<element type="point" label="p64">
	<show object="true" label="false"/>
	<objColor r="77" g="77" b="255" alpha="0"/>
	<layer val="0"/>
	<labelMode val="0"/>
	<animation step="0.1" speed="1" type="1" playing="false"/>
	<coords x="72.87483952920059" y="37.27028488657107" z="1"/>
	<pointSize val="2"/>
	<pointStyle val="0"/>
</element>
<element type="point" label="p65">
	<show object="true" label="false"/>
	<objColor r="77" g="77" b="255" alpha="0"/>
	<layer val="0"/>
	<labelMode val="0"/>
	<animation step="0.1" speed="1" type="1" playing="false"/>
	<coords x="72.68503283537427" y="33.14569490022087" z="1"/>
	<pointSize val="2"/>
	<pointStyle val="0"/>
</element>
<element type="point" label="p66">
	<show object="true" label="false"/>
	<objColor r="77" g="77" b="255" alpha="0"/>
	<layer val="0"/>
	<labelMode val="0"/>
	<animation step="0.1" speed="1" type="1" playing="false"/>
	<coords x="76.62282395458661" y="31.97360603634677" z="1"/>
	<pointSize val="2"/>
	<pointStyle val="0"/>
</element>
<element type="point" label="p67">
	<show object="true" label="false"/>
	<objColor r="77" g="77" b="255" alpha="0"/>
	<layer val="0"/>
	<labelMode val="0"/>
	<animation step="0.1" speed="1" type="1" playing="false"/>
	<coords x="77.65398216439976" y="31.04997181737629" z="1"/>
	<pointSize val="2"/>
	<pointStyle val="0"/>
</element>
<element type="point" label="p68">
	<show object="true" label="false"/>
	<objColor r="77" g="77" b="255" alpha="0"/>
	<layer val="0"/>
	<labelMode val="0"/>
	<animation step="0.1" speed="1" type="1" playing="false"/>
	<coords x="89.84879741876698" y="53.48383323801949" z="1"/>
	<pointSize val="2"/>
	<pointStyle val="0"/>
</element>
<element type="point" label="p69">
	<show object="true" label="false"/>
	<objColor r="77" g="77" b="255" alpha="0"/>
	<layer val="0"/>
	<labelMode val="0"/>
	<animation step="0.1" speed="1" type="1" playing="false"/>
	<coords x="79.31881844201847" y="28.960725481002726" z="1"/>
	<pointSize val="2"/>
	<pointStyle val="0"/>
</element>
<element type="point" label="p70">
	<show object="true" label="false"/>
	<objColor r="77" g="77" b="255" alpha="0"/>
	<layer val="0"/>
	<labelMode val="0"/>
	<animation step="0.1" speed="1" type="1" playing="false"/>
	<coords x="99.2981700385353" y="35.08899271986231" z="1"/>
	<pointSize val="2"/>
	<pointStyle val="0"/>
</element>
<element type="point" label="p71">
	<show object="true" label="false"/>
	<objColor r="77" g="77" b="255" alpha="0"/>
	<layer val="0"/>
	<labelMode val="0"/>
	<animation step="0.1" speed="1" type="1" playing="false"/>
	<coords x="95.62151116978211" y="22.084191964484678" z="1"/>
	<pointSize val="2"/>
	<pointStyle val="0"/>
</element>
<element type="point" label="p72">
	<show object="true" label="false"/>
	<objColor r="77" g="77" b="255" alpha="0"/>
	<layer val="0"/>
	<labelMode val="0"/>
	<animation step="0.1" speed="1" type="1" playing="false"/>
	<coords x="84.9908630341215" y="22.70299681549497" z="1"/>
	<pointSize val="2"/>
	<pointStyle val="0"/>
</element>
<element type="point" label="p73">
	<show object="true" label="false"/>
	<objColor r="77" g="77" b="255" alpha="0"/>
	<layer val="0"/>
	<labelMode val="0"/>
	<animation step="0.1" speed="1" type="1" playing="false"/>
	<coords x="56.21664098749457" y="39.58926932478049" z="1"/>
	<pointSize val="2"/>
	<pointStyle val="0"/>
</element>
<element type="point" label="p74">
	<show object="true" label="false"/>
	<objColor r="77" g="77" b="255" alpha="0"/>
	<layer val="0"/>
	<labelMode val="0"/>
	<animation step="0.1" speed="1" type="1" playing="false"/>
	<coords x="51.36148547231091" y="46.16939424825378" z="1"/>
	<pointSize val="2"/>
	<pointStyle val="0"/>
</element>
<element type="point" label="p75">
	<show object="true" label="false"/>
	<objColor r="77" g="77" b="255" alpha="0"/>
	<layer val="0"/>
	<labelMode val="0"/>
	<animation step="0.1" speed="1" type="1" playing="false"/>
	<coords x="29.992419080506583" y="54.89946584399077" z="1"/>
	<pointSize val="2"/>
	<pointStyle val="0"/>
</element>
<element type="point" label="p76">
	<show object="true" label="false"/>
	<objColor r="77" g="77" b="255" alpha="0"/>
	<layer val="0"/>
	<labelMode val="0"/>
	<animation step="0.1" speed="1" type="1" playing="false"/>
	<coords x="32.83037002515199" y="38.21857238012542" z="1"/>
	<pointSize val="2"/>
	<pointStyle val="0"/>
</element>
<element type="point" label="p77">
	<show object="true" label="false"/>
	<objColor r="77" g="77" b="255" alpha="0"/>
	<layer val="0"/>
	<labelMode val="0"/>
	<animation step="0.1" speed="1" type="1" playing="false"/>
	<coords x="35.544241673846635" y="35.75067519323033" z="1"/>
	<pointSize val="2"/>
	<pointStyle val="0"/>
</element>
<element type="point" label="p78">
	<show object="true" label="false"/>
	<objColor r="77" g="77" b="255" alpha="0"/>
	<layer val="0"/>
	<labelMode val="0"/>
	<animation step="0.1" speed="1" type="1" playing="false"/>
	<coords x="25.05807122709054" y="27.01525841186606" z="1"/>
	<pointSize val="2"/>
	<pointStyle val="0"/>
</element>
<element type="point" label="p79">
	<show object="true" label="false"/>
	<objColor r="77" g="77" b="255" alpha="0"/>
	<layer val="0"/>
	<labelMode val="0"/>
	<animation step="0.1" speed="1" type="1" playing="false"/>
	<coords x="38.151446873171366" y="34.310672960856124" z="1"/>
	<pointSize val="2"/>
	<pointStyle val="0"/>
</element>
<element type="point" label="p80">
	<show object="true" label="false"/>
	<objColor r="77" g="77" b="255" alpha="0"/>
	<layer val="0"/>
	<labelMode val="0"/>
	<animation step="0.1" speed="1" type="1" playing="false"/>
	<coords x="43.83672349044423" y="35.64183395349778" z="1"/>
	<pointSize val="2"/>
	<pointStyle val="0"/>
</element>
<element type="point" label="p81">
	<show object="true" label="false"/>
	<objColor r="77" g="77" b="255" alpha="0"/>
	<layer val="0"/>
	<labelMode val="0"/>
	<animation step="0.1" speed="1" type="1" playing="false"/>
	<coords x="38.18603884427101" y="46.967843028190536" z="1"/>
	<pointSize val="2"/>
	<pointStyle val="0"/>
</element>
<element type="point" label="p82">
	<show object="true" label="false"/>
	<objColor r="77" g="77" b="255" alpha="0"/>
	<layer val="0"/>
	<labelMode val="0"/>
	<animation step="0.1" speed="1" type="1" playing="false"/>
	<coords x="51.351757466133094" y="37.98045840856452" z="1"/>
	<pointSize val="2"/>
	<pointStyle val="0"/>
</element>
<element type="point" label="p83">
	<show object="true" label="false"/>
	<objColor r="77" g="77" b="255" alpha="0"/>
	<layer val="0"/>
	<labelMode val="0"/>
	<animation step="0.1" speed="1" type="1" playing="false"/>
	<coords x="74.33277195351248" y="22.21564755476755" z="1"/>
	<pointSize val="2"/>
	<pointStyle val="0"/>
</element>
<element type="point" label="p84">
	<show object="true" label="false"/>
	<objColor r="77" g="77" b="255" alpha="0"/>
	<layer val="0"/>
	<labelMode val="0"/>
	<animation step="0.1" speed="1" type="1" playing="false"/>
	<coords x="57.6790609253234" y="32.74872401447034" z="1"/>
	<pointSize val="2"/>
	<pointStyle val="0"/>
</element>
<element type="point" label="p85">
	<show object="true" label="false"/>
	<objColor r="77" g="77" b="255" alpha="0"/>
	<layer val="0"/>
	<labelMode val="0"/>
	<animation step="0.1" speed="1" type="1" playing="false"/>
	<coords x="35.51557515269076" y="30.68657736784598" z="1"/>
	<pointSize val="2"/>
	<pointStyle val="0"/>
</element>
<element type="point" label="p86">
	<show object="true" label="false"/>
	<objColor r="77" g="77" b="255" alpha="0"/>
	<layer val="0"/>
	<labelMode val="0"/>
	<animation step="0.1" speed="1" type="1" playing="false"/>
	<coords x="33.62332824893417" y="26.34758631557057" z="1"/>
	<pointSize val="2"/>
	<pointStyle val="0"/>
</element>
<element type="point" label="p87">
	<show object="true" label="false"/>
	<objColor r="77" g="77" b="255" alpha="0"/>
	<layer val="0"/>
	<labelMode val="0"/>
	<animation step="0.1" speed="1" type="1" playing="false"/>
	<coords x="27.94662856499891" y="23.91851839128695" z="1"/>
	<pointSize val="2"/>
	<pointStyle val="0"/>
</element>
<element type="point" label="p88">
	<show object="true" label="false"/>
	<objColor r="77" g="77" b="255" alpha="0"/>
	<layer val="0"/>
	<labelMode val="0"/>
	<animation step="0.1" speed="1" type="1" playing="false"/>
	<coords x="80.77554977258296" y="15.297742508859248" z="1"/>
	<pointSize val="2"/>
	<pointStyle val="0"/>
</element>
<element type="point" label="p89">
	<show object="true" label="false"/>
	<objColor r="77" g="77" b="255" alpha="0"/>
	<layer val="0"/>
	<labelMode val="0"/>
	<animation step="0.1" speed="1" type="1" playing="false"/>
	<coords x="97.28303416219079" y="14.506902209363481" z="1"/>
	<pointSize val="2"/>
	<pointStyle val="0"/>
</element>
<element type="point" label="p90">
	<show object="true" label="false"/>
	<objColor r="77" g="77" b="255" alpha="0"/>
	<layer val="0"/>
	<labelMode val="0"/>
	<animation step="0.1" speed="1" type="1" playing="false"/>
	<coords x="64.95870278169791" y="13.677746517283273" z="1"/>
	<pointSize val="2"/>
	<pointStyle val="0"/>
</element>
<element type="point" label="p91">
	<show object="true" label="false"/>
	<objColor r="77" g="77" b="255" alpha="0"/>
	<layer val="0"/>
	<labelMode val="0"/>
	<animation step="0.1" speed="1" type="1" playing="false"/>
	<coords x="15.82617992695694" y="22.271240668352334" z="1"/>
	<pointSize val="2"/>
	<pointStyle val="0"/>
</element>
<element type="point" label="p92">
	<show object="true" label="false"/>
	<objColor r="77" g="77" b="255" alpha="0"/>
	<layer val="0"/>
	<labelMode val="0"/>
	<animation step="0.1" speed="1" type="1" playing="false"/>
	<coords x="84.68790471030637" y="9.779364829622605" z="1"/>
	<pointSize val="2"/>
	<pointStyle val="0"/>
</element>
<element type="point" label="p93">
	<show object="true" label="false"/>
	<objColor r="77" g="77" b="255" alpha="0"/>
	<layer val="0"/>
	<labelMode val="0"/>
	<animation step="0.1" speed="1" type="1" playing="false"/>
	<coords x="16.43354069759171" y="13.472145932668877" z="1"/>
	<pointSize val="2"/>
	<pointStyle val="0"/>
</element>
<element type="point" label="p94">
	<show object="true" label="false"/>
	<objColor r="77" g="77" b="255" alpha="0"/>
	<layer val="0"/>
	<labelMode val="0"/>
	<animation step="0.1" speed="1" type="1" playing="false"/>
	<coords x="54.79351092379884" y="6.233339952352379" z="1"/>
	<pointSize val="2"/>
	<pointStyle val="0"/>
</element>
<element type="point" label="p95">
	<show object="true" label="false"/>
	<objColor r="77" g="77" b="255" alpha="0"/>
	<layer val="0"/>
	<labelMode val="0"/>
	<animation step="0.1" speed="1" type="1" playing="false"/>
	<coords x="12.638336383030403" y="7.00680188465711" z="1"/>
	<pointSize val="2"/>
	<pointStyle val="0"/>
</element>
<element type="point" label="p96">
	<show object="true" label="false"/>
	<objColor r="77" g="77" b="255" alpha="0"/>
	<layer val="0"/>
	<labelMode val="0"/>
	<animation step="0.1" speed="1" type="1" playing="false"/>
	<coords x="49.08380231110602" y="3.070145447395667" z="1"/>
	<pointSize val="2"/>
	<pointStyle val="0"/>
</element>
<element type="point" label="p97">
	<show object="true" label="false"/>
	<objColor r="77" g="77" b="255" alpha="0"/>
	<layer val="0"/>
	<labelMode val="0"/>
	<animation step="0.1" speed="1" type="1" playing="false"/>
	<coords x="54.76091661644802" y="5.776198004460753" z="1"/>
	<pointSize val="2"/>
	<pointStyle val="0"/>
</element>
<element type="point" label="p98">
	<show object="true" label="false"/>
	<objColor r="77" g="77" b="255" alpha="0"/>
	<layer val="0"/>
	<labelMode val="0"/>
	<animation step="0.1" speed="1" type="1" playing="false"/>
	<coords x="37.45388949486658" y="6.472607693213983" z="1"/>
	<pointSize val="2"/>
	<pointStyle val="0"/>
</element>
<element type="point" label="p99">
	<show object="true" label="false"/>
	<objColor r="77" g="77" b="255" alpha="0"/>
	<layer val="0"/>
	<labelMode val="0"/>
	<animation step="0.1" speed="1" type="1" playing="false"/>
	<coords x="85.19526094798572" y="5.5378010885153035" z="1"/>
	<pointSize val="2"/>
	<pointStyle val="0"/>
</element>
<command name="Polygon">
	<input a0="p0" a1="p1" a2="p2" a3="p3" a4="p4" a5="p5" a6="p6" a7="p7" a8="p8" a9="p9" a10="p10" a11="p11" a12="p12" a13="p13" a14="p14" a15="p15" a16="p16" a17="p17" a18="p18" a19="p19" a20="p20" a21="p21" a22="p22" a23="p23" a24="p24" a25="p25" a26="p26" a27="p27" a28="p28" a29="p29" a30="p30" a31="p31" a32="p32" a33="p33" a34="p34" a35="p35" a36="p36" a37="p37" a38="p38" a39="p39" a40="p40" a41="p41" a42="p42" a43="p43" a44="p44" a45="p45" a46="p46" a47="p47" a48="p48" a49="p49" a50="p50" a51="p51" a52="p52" a53="p53" a54="p54" a55="p55" a56="p56" a57="p57" a58="p58" a59="p59" a60="p60" a61="p61" a62="p62" a63="p63" a64="p64" a65="p65" a66="p66" a67="p67" a68="p68" a69="p69" a70="p70" a71="p71" a72="p72" a73="p73" a74="p74" a75="p75" a76="p76" a77="p77" a78="p78" a79="p79" a80="p80" a81="p81" a82="p82" a83="p83" a84="p84" a85="p85" a86="p86" a87="p87" a88="p88" a89="p89" a90="p90" a91="p91" a92="p92" a93="p93" a94="p94" a95="p95" a96="p96" a97="p97" a98="p98" a99="p99" />
    <output a0 = "poly1" a1 = "e99" a2="e0" a3="e1" a4="e2" a5="e3" a6="e4" a7="e5" a8="e6" a9="e7" a10="e8" a11="e9" a12="e10" a13="e11" a14="e12" a15="e13" a16="e14" a17="e15" a18="e16" a19="e17" a20="e18" a21="e19" a22="e20" a23="e21" a24="e22" a25="e23" a26="e24" a27="e25" a28="e26" a29="e27" a30="e28" a31="e29" a32="e30" a33="e31" a34="e32" a35="e33" a36="e34" a37="e35" a38="e36" a39="e37" a40="e38" a41="e39" a42="e40" a43="e41" a44="e42" a45="e43" a46="e44" a47="e45" a48="e46" a49="e47" a50="e48" a51="e49" a52="e50" a53="e51" a54="e52" a55="e53" a56="e54" a57="e55" a58="e56" a59="e57" a60="e58" a61="e59" a62="e60" a63="e61" a64="e62" a65="e63" a66="e64" a67="e65" a68="e66" a69="e67" a70="e68" a71="e69" a72="e70" a73="e71" a74="e72" a75="e73" a76="e74" a77="e75" a78="e76" a79="e77" a80="e78" a81="e79" a82="e80" a83="e81" a84="e82" a85="e83" a86="e84" a87="e85" a88="e86" a89="e87" a90="e88" a91="e89" a92="e90" a93="e91" a94="e92" a95="e93" a96="e94" a97="e95" a98="e96" a99="e97" a100="e98" /> 
 </command>
</construction>
</geogebra>