<?xml version="1.0" encoding="utf-8"?>
<geogebra format="5.0" version="5.0.613.0" app="classic" platform="w" id="3985EFA7-A3CE-4224-97C0-BE2EB71D1FF3"  xsi:noNamespaceSchemaLocation="http://www.geogebra.org/apps/xsd/ggb.xsd" xmlns="" xmlns:xsi="http://www.w3.org/2001/XMLSchema-instance" >
<gui>
	<window width="2190" height="937" />
	<perspectives>
<perspective id="tmp">
	<panes>
		<pane location="" divider="0.1735159817351598" orientation="1" />
	</panes>
	<views>
		<view id="4097" visible="false" inframe="false" stylebar="true" location="1,1,1,1" size="400" window="100,100,700,550" />
		<view id="512" toolbar="0 | 1 501 5 19 , 67 | 2 15 45 18 , 7 37 | 514 3 9 , 13 44 , 47 | 16 51 | 551 550 11 ,  20 22 21 23 , 55 56 57 , 12 | 69 | 510 511 , 512 513 | 533 531 , 534 532 , 522 523 , 537 536 , 535 , 538 | 521 520 | 36 , 38 49 560 | 571 30 29 570 31 33 | 17 | 540 40 41 42 , 27 28 35 , 6 , 502" visible="false" inframe="false" stylebar="false" location="1,1,1" size="500" window="100,100,600,400" />
		<view id="4" toolbar="0 || 2020 , 2021 , 2022 || 2001 , 2003 , 2002 , 2004 , 2005 || 2040 , 2041 , 2042 , 2044 , 2043" visible="false" inframe="false" stylebar="false" location="1,1" size="300" window="100,100,600,400" />
		<view id="8" toolbar="1001 | 1002 | 1003  || 1005 | 1004 || 1006 | 1007 | 1010 || 1008 | 1009 || 6" visible="false" inframe="false" stylebar="false" location="1,3" size="300" window="100,100,600,400" />
		<view id="1" visible="true" inframe="false" stylebar="false" location="1" size="1262" window="100,100,600,400" />
		<view id="2" visible="true" inframe="false" stylebar="false" location="3" size="380" tab="ALGEBRA" window="100,100,600,400" />
		<view id="16" visible="false" inframe="false" stylebar="false" location="1" size="300" window="50,50,500,500" />
		<view id="32" visible="false" inframe="false" stylebar="true" location="1" size="300" window="50,50,500,500" />
		<view id="64" toolbar="0" visible="false" inframe="false" stylebar="false" location="1" size="480" window="50,50,500,500" />
		<view id="128" visible="false" inframe="false" stylebar="false" location="1" size="480" window="50,50,500,500" />
		<view id="70" toolbar="0 || 2020 || 2021 || 2022" visible="false" inframe="false" stylebar="true" location="1" size="900" window="50,50,500,500" />
	</views>
	<toolbar show="true" items="0 73 62 | 1 501 67 , 5 19 , 72 75 76 | 2 15 45 , 18 65 , 7 37 | 4 3 8 9 , 13 44 , 58 , 47 | 16 51 64 , 70 | 10 34 53 11 , 24  20 22 , 21 23 | 55 56 57 , 12 | 36 46 , 38 49  50 , 71  14  68 | 30 29 54 32 31 33 | 25 17 26 60 52 61 | 40 41 42 , 27 28 35 , 6" position="1" help="false" />
	<input show="true" cmd="true" top="algebra" />
	<dockBar show="false" east="false" />
</perspective>
	</perspectives>
	<labelingStyle  val="0"/>
	<font  size="16"/>
</gui>
<euclidianView>
	<viewNumber viewNo="1"/>
	<size  width="1532" height="884"/>
	<coordSystem xZero="765.9999999999998" yZero="328" scale="49.999999999999986" yscale="49.99999999999999"/>
	<evSettings axes="true" grid="true" gridIsBold="false" pointCapturing="3" rightAngleStyle="1" checkboxSize="26" gridType="3"/>
	<bgColor r="255" g="255" b="255"/>
	<axesColor r="0" g="0" b="0"/>
	<gridColor r="192" g="192" b="192"/>
	<lineStyle axes="1" grid="0"/>
	<axis id="0" show="true" label="" unitLabel="" tickStyle="1" showNumbers="true"/>
	<axis id="1" show="true" label="" unitLabel="" tickStyle="1" showNumbers="true"/>
</euclidianView>
<algebraView>
	<mode val="3"/>
</algebraView>
<kernel>
	<continuous val="false"/>
	<usePathAndRegionParameters val="true"/>
	<decimals val="2"/>
	<angleUnit val="degree"/>
	<algebraStyle val="3" spreadsheet="0"/>
	<coordStyle val="0"/>
</kernel>
<tableview min="-2" max="2" step="1"/>
<scripting blocked="false" disabled="false"/>
<construction title = "test" author="sans" date ="">
<element type="point" label="p0">
	<show object="true" label="true"/>
	<objColor r="77" g="77" b="255" alpha="0"/>
	<layer val="0"/>
	<labelMode val="0"/>
	<animation step="0.1" speed="1" type="1" playing="false"/>
	<coords x="0.0" y="0.0" z="1"/>
	<pointSize val="2"/>
	<pointStyle val="0"/>
</element>
<element type="point" label="p1">
	<show object="true" label="true"/>
	<objColor r="77" g="77" b="255" alpha="0"/>
	<layer val="0"/>
	<labelMode val="0"/>
	<animation step="0.1" speed="1" type="1" playing="false"/>
	<coords x="16.87193737116851" y="5.543596724028335" z="1"/>
	<pointSize val="2"/>
	<pointStyle val="0"/>
</element>
<element type="point" label="p2">
	<show object="true" label="true"/>
	<objColor r="77" g="77" b="255" alpha="0"/>
	<layer val="0"/>
	<labelMode val="0"/>
	<animation step="0.1" speed="1" type="1" playing="false"/>
	<coords x="37.49089859736384" y="-13.265177417641803" z="1"/>
	<pointSize val="2"/>
	<pointStyle val="0"/>
</element>
<element type="point" label="p3">
	<show object="true" label="true"/>
	<objColor r="77" g="77" b="255" alpha="0"/>
	<layer val="0"/>
	<labelMode val="0"/>
	<animation step="0.1" speed="1" type="1" playing="false"/>
	<coords x="43.54582802466897" y="0.04766374032237408" z="1"/>
	<pointSize val="2"/>
	<pointStyle val="0"/>
</element>
<element type="point" label="p4">
	<show object="true" label="true"/>
	<objColor r="77" g="77" b="255" alpha="0"/>
	<layer val="0"/>
	<labelMode val="0"/>
	<animation step="0.1" speed="1" type="1" playing="false"/>
	<coords x="47.18117512922014" y="20.050863087296708" z="1"/>
	<pointSize val="2"/>
	<pointStyle val="0"/>
</element>
<element type="point" label="p5">
	<show object="true" label="true"/>
	<objColor r="77" g="77" b="255" alpha="0"/>
	<layer val="0"/>
	<labelMode val="0"/>
	<animation step="0.1" speed="1" type="1" playing="false"/>
	<coords x="49.94267866697171" y="38.37549634786987" z="1"/>
	<pointSize val="2"/>
	<pointStyle val="0"/>
</element>
<element type="point" label="p6">
	<show object="true" label="true"/>
	<objColor r="77" g="77" b="255" alpha="0"/>
	<layer val="0"/>
	<labelMode val="0"/>
	<animation step="0.1" speed="1" type="1" playing="false"/>
	<coords x="58.63430922005303" y="9.817385481387397" z="1"/>
	<pointSize val="2"/>
	<pointStyle val="0"/>
</element>
<element type="point" label="p7">
	<show object="true" label="true"/>
	<objColor r="77" g="77" b="255" alpha="0"/>
	<layer val="0"/>
	<labelMode val="0"/>
	<animation step="0.1" speed="1" type="1" playing="false"/>
	<coords x="61.98526665454993" y="28.83808770052599" z="1"/>
	<pointSize val="2"/>
	<pointStyle val="0"/>
</element>
<element type="point" label="p8">
	<show object="true" label="true"/>
	<objColor r="77" g="77" b="255" alpha="0"/>
	<layer val="0"/>
	<labelMode val="0"/>
	<animation step="0.1" speed="1" type="1" playing="false"/>
	<coords x="58.35460279385752" y="19.246526822121602" z="1"/>
	<pointSize val="2"/>
	<pointStyle val="0"/>
</element>
<element type="point" label="p9">
	<show object="true" label="true"/>
	<objColor r="77" g="77" b="255" alpha="0"/>
	<layer val="0"/>
	<labelMode val="0"/>
	<animation step="0.1" speed="1" type="1" playing="false"/>
	<coords x="60.13511403360826" y="21.068985320255315" z="1"/>
	<pointSize val="2"/>
	<pointStyle val="0"/>
</element>
<element type="point" label="p10">
	<show object="true" label="true"/>
	<objColor r="77" g="77" b="255" alpha="0"/>
	<layer val="0"/>
	<labelMode val="0"/>
	<animation step="0.1" speed="1" type="1" playing="false"/>
	<coords x="58.41176108745828" y="15.90038898148861" z="1"/>
	<pointSize val="2"/>
	<pointStyle val="0"/>
</element>
<element type="point" label="p11">
	<show object="true" label="true"/>
	<objColor r="77" g="77" b="255" alpha="0"/>
	<layer val="0"/>
	<labelMode val="0"/>
	<animation step="0.1" speed="1" type="1" playing="false"/>
	<coords x="55.872095936059914" y="22.19497690140135" z="1"/>
	<pointSize val="2"/>
	<pointStyle val="0"/>
</element>
<element type="point" label="p12">
	<show object="true" label="true"/>
	<objColor r="77" g="77" b="255" alpha="0"/>
	<layer val="0"/>
	<labelMode val="0"/>
	<animation step="0.1" speed="1" type="1" playing="false"/>
	<coords x="60.16980717269119" y="33.571170508230445" z="1"/>
	<pointSize val="2"/>
	<pointStyle val="0"/>
</element>
<element type="point" label="p13">
	<show object="true" label="true"/>
	<objColor r="77" g="77" b="255" alpha="0"/>
	<layer val="0"/>
	<labelMode val="0"/>
	<animation step="0.1" speed="1" type="1" playing="false"/>
	<coords x="49.26498615718652" y="40.94122987252003" z="1"/>
	<pointSize val="2"/>
	<pointStyle val="0"/>
</element>
<element type="point" label="p14">
	<show object="true" label="true"/>
	<objColor r="77" g="77" b="255" alpha="0"/>
	<layer val="0"/>
	<labelMode val="0"/>
	<animation step="0.1" speed="1" type="1" playing="false"/>
	<coords x="57.127414240666" y="38.06478791071586" z="1"/>
	<pointSize val="2"/>
	<pointStyle val="0"/>
</element>
<element type="point" label="p15">
	<show object="true" label="true"/>
	<objColor r="77" g="77" b="255" alpha="0"/>
	<layer val="0"/>
	<labelMode val="0"/>
	<animation step="0.1" speed="1" type="1" playing="false"/>
	<coords x="68.18857170991507" y="52.73933549689029" z="1"/>
	<pointSize val="2"/>
	<pointStyle val="0"/>
</element>
<element type="point" label="p16">
	<show object="true" label="true"/>
	<objColor r="77" g="77" b="255" alpha="0"/>
	<layer val="0"/>
	<labelMode val="0"/>
	<animation step="0.1" speed="1" type="1" playing="false"/>
	<coords x="58.98129334180494" y="52.55658706189881" z="1"/>
	<pointSize val="2"/>
	<pointStyle val="0"/>
</element>
<element type="point" label="p17">
	<show object="true" label="true"/>
	<objColor r="77" g="77" b="255" alpha="0"/>
	<layer val="0"/>
	<labelMode val="0"/>
	<animation step="0.1" speed="1" type="1" playing="false"/>
	<coords x="35.39530598636161" y="43.593345319272984" z="1"/>
	<pointSize val="2"/>
	<pointStyle val="0"/>
</element>
<element type="point" label="p18">
	<show object="true" label="true"/>
	<objColor r="77" g="77" b="255" alpha="0"/>
	<layer val="0"/>
	<labelMode val="0"/>
	<animation step="0.1" speed="1" type="1" playing="false"/>
	<coords x="41.581749990233305" y="31.559490139301257" z="1"/>
	<pointSize val="2"/>
	<pointStyle val="0"/>
</element>
<element type="point" label="p19">
	<show object="true" label="true"/>
	<objColor r="77" g="77" b="255" alpha="0"/>
	<layer val="0"/>
	<labelMode val="0"/>
	<animation step="0.1" speed="1" type="1" playing="false"/>
	<coords x="30.468711835477706" y="52.49220635142436" z="1"/>
	<pointSize val="2"/>
	<pointStyle val="0"/>
</element>
<element type="point" label="p20">
	<show object="true" label="true"/>
	<objColor r="77" g="77" b="255" alpha="0"/>
	<layer val="0"/>
	<labelMode val="0"/>
	<animation step="0.1" speed="1" type="1" playing="false"/>
	<coords x="42.60112851054149" y="58.04214079307681" z="1"/>
	<pointSize val="2"/>
	<pointStyle val="0"/>
</element>
<element type="point" label="p21">
	<show object="true" label="true"/>
	<objColor r="77" g="77" b="255" alpha="0"/>
	<layer val="0"/>
	<labelMode val="0"/>
	<animation step="0.1" speed="1" type="1" playing="false"/>
	<coords x="51.85145738011774" y="84.42815782104437" z="1"/>
	<pointSize val="2"/>
	<pointStyle val="0"/>
</element>
<element type="point" label="p22">
	<show object="true" label="true"/>
	<objColor r="77" g="77" b="255" alpha="0"/>
	<layer val="0"/>
	<labelMode val="0"/>
	<animation step="0.1" speed="1" type="1" playing="false"/>
	<coords x="48.84366128760519" y="98.99480758983017" z="1"/>
	<pointSize val="2"/>
	<pointStyle val="0"/>
</element>
<element type="point" label="p23">
	<show object="true" label="true"/>
	<objColor r="77" g="77" b="255" alpha="0"/>
	<layer val="0"/>
	<labelMode val="0"/>
	<animation step="0.1" speed="1" type="1" playing="false"/>
	<coords x="49.67828148528664" y="84.62979407156918" z="1"/>
	<pointSize val="2"/>
	<pointStyle val="0"/>
</element>
<element type="point" label="p24">
	<show object="true" label="true"/>
	<objColor r="77" g="77" b="255" alpha="0"/>
	<layer val="0"/>
	<labelMode val="0"/>
	<animation step="0.1" speed="1" type="1" playing="false"/>
	<coords x="48.45728897914456" y="89.43938628796336" z="1"/>
	<pointSize val="2"/>
	<pointStyle val="0"/>
</element>
<element type="point" label="p25">
	<show object="true" label="true"/>
	<objColor r="77" g="77" b="255" alpha="0"/>
	<layer val="0"/>
	<labelMode val="0"/>
	<animation step="0.1" speed="1" type="1" playing="false"/>
	<coords x="41.547040244166084" y="92.64672165318551" z="1"/>
	<pointSize val="2"/>
	<pointStyle val="0"/>
</element>
<element type="point" label="p26">
	<show object="true" label="true"/>
	<objColor r="77" g="77" b="255" alpha="0"/>
	<layer val="0"/>
	<labelMode val="0"/>
	<animation step="0.1" speed="1" type="1" playing="false"/>
	<coords x="47.685632125516015" y="92.89186848806213" z="1"/>
	<pointSize val="2"/>
	<pointStyle val="0"/>
</element>
<element type="point" label="p27">
	<show object="true" label="true"/>
	<objColor r="77" g="77" b="255" alpha="0"/>
	<layer val="0"/>
	<labelMode val="0"/>
	<animation step="0.1" speed="1" type="1" playing="false"/>
	<coords x="46.06611072333718" y="96.30342693242768" z="1"/>
	<pointSize val="2"/>
	<pointStyle val="0"/>
</element>
<element type="point" label="p28">
	<show object="true" label="true"/>
	<objColor r="77" g="77" b="255" alpha="0"/>
	<layer val="0"/>
	<labelMode val="0"/>
	<animation step="0.1" speed="1" type="1" playing="false"/>
	<coords x="26.59978311086165" y="108.82774550923627" z="1"/>
	<pointSize val="2"/>
	<pointStyle val="0"/>
</element>
<element type="point" label="p29">
	<show object="true" label="true"/>
	<objColor r="77" g="77" b="255" alpha="0"/>
	<layer val="0"/>
	<labelMode val="0"/>
	<animation step="0.1" speed="1" type="1" playing="false"/>
	<coords x="26.211993009937363" y="115.67877890068647" z="1"/>
	<pointSize val="2"/>
	<pointStyle val="0"/>
</element>
<command name="Polygon">
	<input a0="p0" a1="p1" a2="p2" a3="p3" a4="p4" a5="p5" a6="p6" a7="p7" a8="p8" a9="p9" a10="p10" a11="p11" a12="p12" a13="p13" a14="p14" a15="p15" a16="p16" a17="p17" a18="p18" a19="p19" a20="p20" a21="p21" a22="p22" a23="p23" a24="p24" a25="p25" a26="p26" a27="p27" a28="p28" a29="p29" />
    <output a0 = "poly1" a1 = "e29" a2="e0" a3="e1" a4="e2" a5="e3" a6="e4" a7="e5" a8="e6" a9="e7" a10="e8" a11="e9" a12="e10" a13="e11" a14="e12" a15="e13" a16="e14" a17="e15" a18="e16" a19="e17" a20="e18" a21="e19" a22="e20" a23="e21" a24="e22" a25="e23" a26="e24" a27="e25" a28="e26" a29="e27" a30="e28" /> 
 </command>
</construction>
</geogebra>